{"cameraMode":{"drawMode":0,"name":"Shaded","section":"Shading Mode"},"sceneLighting":true,"audioPlay":false,"sceneViewState":{"showFog":true,"showMaterialUpdate":false,"showSkybox":true,"showFlares":true,"showImageEffects":true,"showParticleSystems":true},"in2DMode":false,"pivot":{"x":-32.48176574707031,"y":57.00578308105469,"z":-523.873046875},"rotation":{"x":-0.04761284217238426,"y":0.9150323867797852,"z":-0.38417547941207888,"w":-0.11340435594320297},"size":182.4429931640625,"orthographic":false}