{"cameraMode":{"drawMode":0,"name":"Shaded","section":"Shading Mode"},"sceneLighting":true,"audioPlay":false,"sceneViewState":{"showFog":true,"showMaterialUpdate":false,"showSkybox":true,"showFlares":true,"showImageEffects":true,"showParticleSystems":true},"in2DMode":false,"pivot":{"x":-52.445220947265628,"y":57.26826477050781,"z":-316.572998046875},"rotation":{"x":-0.24270223081111909,"y":0.7112916111946106,"z":-0.29094210267066958,"w":-0.5923646688461304},"size":205.48501586914063,"orthographic":false}