{"cameraMode":{"drawMode":0,"name":"Shaded","section":"Shading Mode"},"sceneLighting":true,"audioPlay":false,"sceneViewState":{"showFog":false,"showMaterialUpdate":false,"showSkybox":false,"showFlares":false,"showImageEffects":false,"showParticleSystems":false},"in2DMode":false,"pivot":{"x":-0.40744316577911379,"y":1.4617631435394288,"z":-0.45131874084472659},"rotation":{"x":-0.0016578477807343007,"y":-0.998137891292572,"z":0.052150972187519076,"w":-0.03174089640378952},"size":11.711166381835938,"orthographic":false}