{"cameraMode":{"drawMode":0,"name":"Shaded","section":"Shading Mode"},"sceneLighting":true,"audioPlay":false,"sceneViewState":{"showFog":true,"showMaterialUpdate":false,"showSkybox":true,"showFlares":true,"showImageEffects":true,"showParticleSystems":true},"in2DMode":false,"pivot":{"x":-96.31906127929688,"y":-33.33128356933594,"z":501.6404113769531},"rotation":{"x":0.26928287744522097,"y":-0.5608308911323547,"z":0.1994483321905136,"w":0.7571373581886292},"size":125.62760162353516,"orthographic":false}