{"cameraMode":{"drawMode":0,"name":"Shaded","section":"Shading Mode"},"sceneLighting":true,"audioPlay":false,"sceneViewState":{"showFog":true,"showMaterialUpdate":false,"showSkybox":true,"showFlares":true,"showImageEffects":true,"showParticleSystems":true},"in2DMode":false,"pivot":{"x":37.46866989135742,"y":225.0847930908203,"z":-248.10098266601563},"rotation":{"x":0.10245063900947571,"y":0.46391233801841738,"z":-0.054077308624982837,"w":0.878367006778717},"size":74.30374908447266,"orthographic":false}