{"cameraMode":{"drawMode":0,"name":"Shaded","section":"Shading Mode"},"sceneLighting":false,"audioPlay":false,"sceneViewState":{"showFog":true,"showMaterialUpdate":false,"showSkybox":false,"showFlares":true,"showImageEffects":true,"showParticleSystems":true},"in2DMode":false,"pivot":{"x":-109.70700073242188,"y":59.05799865722656,"z":-63.52348709106445},"rotation":{"x":0.09704568982124329,"y":0.7240392565727234,"z":-0.10410848259925842,"w":0.6749181151390076},"size":4.041663646697998,"orthographic":false}