{"cameraMode":{"drawMode":0,"name":"Shaded","section":"Shading Mode"},"sceneLighting":false,"audioPlay":false,"sceneViewState":{"showFog":true,"showMaterialUpdate":false,"showSkybox":false,"showFlares":true,"showImageEffects":true,"showParticleSystems":true},"in2DMode":false,"pivot":{"x":-109.23326873779297,"y":59.690311431884769,"z":-65.21366119384766},"rotation":{"x":0.08120714128017426,"y":0.688133716583252,"z":-0.07795903831720352,"w":0.7168009281158447},"size":10.000178337097168,"orthographic":false}