{"cameraMode":{"drawMode":0,"name":"Shaded","section":"Shading Mode"},"sceneLighting":true,"audioPlay":false,"sceneViewState":{"showFog":true,"showMaterialUpdate":false,"showSkybox":true,"showFlares":true,"showImageEffects":true,"showParticleSystems":true},"in2DMode":false,"pivot":{"x":337.6623229980469,"y":377.4261474609375,"z":-98.4777603149414},"rotation":{"x":-0.08653990924358368,"y":0.9118705987930298,"z":-0.254145085811615,"w":-0.31050464510917666},"size":219.0753936767578,"orthographic":false}