{"cameraMode":{"drawMode":0,"name":"Shaded","section":"Shading Mode"},"sceneLighting":true,"audioPlay":false,"sceneViewState":{"showFog":true,"showMaterialUpdate":false,"showSkybox":true,"showFlares":true,"showImageEffects":true,"showParticleSystems":true},"in2DMode":false,"pivot":{"x":124.14173889160156,"y":8.659610748291016,"z":-429.84600830078127},"rotation":{"x":-0.228866308927536,"y":-0.6354149580001831,"z":0.20422589778900147,"w":-0.7088717818260193},"size":158.3024139404297,"orthographic":false}