{"cameraMode":{"drawMode":0,"name":"Shaded","section":"Shading Mode"},"sceneLighting":true,"audioPlay":false,"sceneViewState":{"showFog":true,"showMaterialUpdate":false,"showSkybox":false,"showFlares":true,"showImageEffects":true,"showParticleSystems":true},"in2DMode":false,"pivot":{"x":0.46983635425567629,"y":2.48068904876709,"z":-0.09922579675912857},"rotation":{"x":0.08906248211860657,"y":0.7099447250366211,"z":-0.09119082987308502,"w":0.6926764249801636},"size":4.001314640045166,"orthographic":false}