{"cameraMode":{"drawMode":0,"name":"Shaded","section":"Shading Mode"},"sceneLighting":false,"audioPlay":false,"sceneViewState":{"showFog":true,"showMaterialUpdate":false,"showSkybox":false,"showFlares":true,"showImageEffects":true,"showParticleSystems":true},"in2DMode":false,"pivot":{"x":14.049920082092286,"y":1.6990036964416505,"z":-0.00024241209030151367},"rotation":{"x":0.09704568982124329,"y":0.7240392565727234,"z":-0.10410848259925842,"w":0.6749181151390076},"size":5.443413257598877,"orthographic":false}