{"cameraMode":{"drawMode":0,"name":"Shaded","section":"Shading Mode"},"sceneLighting":true,"audioPlay":false,"sceneViewState":{"showFog":true,"showMaterialUpdate":false,"showSkybox":true,"showFlares":true,"showImageEffects":true,"showParticleSystems":true},"in2DMode":false,"pivot":{"x":-66.33917999267578,"y":60.460235595703128,"z":568.3382568359375},"rotation":{"x":-0.23832926154136659,"y":-0.044231340289115909,"z":0.01099436730146408,"w":-0.970152735710144},"size":56.80931854248047,"orthographic":false}